"Firm Name","Investor Full Name","Signal Profile link","Sweet Spot","Min","Max","Locations","Intro Source","Intro Strength"
"Greylock Partners","Josh Elman","https://signal.nfx.com/investors/josh-elman","$50000","$25000","$100000","San Francisco, California, Los Angeles, California, Seattle, Washington, New York, New York, Washington, District of Columbia, Shanghai","N/A",""
"Initialized Capital","Garry Tan","https://signal.nfx.com/investors/garry-tan","$500000","$500000","$500000","San Francisco, California, San Francisco Bay Area","N/A",""
"Splice","Ryan Walsh","https://signal.nfx.com/investors/ryan-walsh","$25000","$5000","$50000","San Francisco, California, Los Angeles, California, New York, New York, Boston, Massachusetts, Berlin, Germany, London","N/A",""
"General Catalyst","Niko Bonatsos","https://signal.nfx.com/investors/niko-bonatsos","$1000000","$500000","$2000000","Palo Alto, California, San Francisco, California","N/A",""
"500 Global","Arjun Arora","https://signal.nfx.com/investors/arjun-arora","$150000","$50000","$1000000","San Francisco Bay Area","N/A",""
"122 WEST VENTURES","Evan Tana","https://signal.nfx.com/investors/evan-tana","$750000","$500000","$1000000","San Francisco Bay Area, California, New York, New York, Boston, Massachusetts, Seattle, Washington, Los Angeles, California, Denver, Colorado","N/A",""
"gokulrajaram.com","Gokul Rajaram","https://signal.nfx.com/investors/gokul-rajaram","$50000","$25000","$1000000","San Francisco Bay Area","N/A",""
"Draper Associates","Tim Draper","https://signal.nfx.com/investors/tim-draper","$1500000","$500000","$5000000","Menlo Park, California, San Mateo, California, Redwood City, California","N/A",""
"Maven Ventures","Jim Scheinman","https://signal.nfx.com/investors/jim-scheinman","$880000","$750000","$1000000","Tel Aviv, Israel, San Francisco, California, Detroit, Michigan, New York, New York, Los Angeles, California, Los Altos, California","N/A",""
"The General Partnership","Phin Barnes","https://signal.nfx.com/investors/phin-barnes","$1500000","$100000","$5000000","San Francisco Bay Area, San Francisco, California","N/A",""
"First Round Capital","Josh Kopelman","https://signal.nfx.com/investors/josh-kopelman","$2000000","$1000000","$3000000","San Francisco, California, Philadelphia, Pennsylvania, United States, Canada","N/A",""
"Upfront Ventures","Mark Suster","https://signal.nfx.com/investors/mark-suster","$1000000","$750000","$5000000","Santa Monica, California, Los Angeles, California","N/A",""
"Steadfast Venture Capital","David Ambrose","https://signal.nfx.com/investors/david-ambrose","$1000000","$100000","$1000000","New York, New York, San Francisco, California, Los Angeles, California","N/A",""
"NextView Ventures","David Beisel","https://signal.nfx.com/investors/david-beisel","$1000000","$250000","$1250000","New York, New York, Boston, Massachusetts","N/A",""
"Panache Ventures","Patrick Lor","https://signal.nfx.com/investors/patrick-lor","$1000000","$500000","$1000000","Canada, United States","N/A",""
"OVO Fund","Eric Chen","https://signal.nfx.com/investors/eric-chen","$250000","$100000","$1000000","Los Altos, California, San Francisco, California, Palo Alto, California, San Jose, California, Berkeley, California, Oakland, California, San Mateo, California, Redwood City, California, New York, New York, Los Angeles, California","N/A",""
"LDV Capital","Evan Nisselson","https://signal.nfx.com/investors/evan-nisselson","$800000","$250000","$1200000","United States, Europe","N/A",""
"Weekend Fund","Ryan Hoover","https://signal.nfx.com/investors/ryan-hoover","$175000","$100000","$250000","San Francisco Bay Area, New York, New York, Los Angeles, California, Chicago, Illinois","N/A",""
"PKF The Consulting House, Dubai - UAE","Mark Cuban","https://signal.nfx.com/investors/mark-cuban","$100000","$10000","$500000","Dallas, Texas","N/A",""
"Night Ventures","Ben Mathews","https://signal.nfx.com/investors/ben-mathews","$500000","$250000","$1500000","San Francisco Bay Area, New York, New York, Los Angeles, California, Seattle, Washington, Austin, Texas, Chicago, Illinois, Boston, Massachusetts, Miami, Florida, Denver, Colorado, Phoenix, Arizona","N/A",""
"Geek Ventures","Ihar Mahaniok","https://signal.nfx.com/investors/ihar-mahaniok","$125000","$50000","$200000","New York, New York","N/A",""
"Bloomberg BETA","Roy Bahat","https://signal.nfx.com/investors/roy-bahat","$750000","$25000","$1000000","San Francisco, California","N/A",""
"DiverseCity Ventures","Mariah Lichtenstern","https://signal.nfx.com/investors/mariah-lichtenstern","$250000","$10000","$2000000","Sacramento, California","N/A",""
"BoxGroup","Adam Rothenberg","https://signal.nfx.com/investors/adam-rothenberg","$375000","$250000","$500000","New York, New York","N/A",""
"Betaworks Ventures","Patrick Montague","https://signal.nfx.com/investors/patrick-montague","$250000","$100000","$500000","New York, New York, Boston, Massachusetts, San Francisco, California, Berlin, Germany, Toronto, Ontario, Washington, District of Columbia","N/A",""
"Transcend Fund","Shanti Bergel","https://signal.nfx.com/investors/shanti-bergel","$2000000","$500000","$3000000","","N/A",""
"The Katama Group, LLC","Joe Hurd","https://signal.nfx.com/investors/joe-hurd","$25000","$10000","$100000","Los Altos, California","N/A",""
"Avalanche VC","Katelyn Donnelly","https://signal.nfx.com/investors/katelyn-donnelly","$100000","$25000","$1000000","San Francisco, California, New York, New York","N/A",""
"CoVenture","Ali Hamed","https://signal.nfx.com/investors/ali-hamed","$1500000","$500000","$3000000","New York, Miami, Florida","N/A",""
"SoGal Ventures","Elizabeth Galbut","https://signal.nfx.com/investors/elizabeth-galbut","$150000","$50000","$350000","New York, New York, San Francisco, California, San Francisco Bay Area, Los Angeles / Southern California, Los Angeles, California, Boston, Massachusetts, Boston / New England, Baltimore, Maryland, Washington, District of Columbia, Miami, Florida, Singapore, China","N/A",""
"ENIAC Ventures","Nihal Mehta","https://signal.nfx.com/investors/nihal-mehta","$700000","$200000","$1200000","New York, New York","N/A",""
"Designer Fund","Ben Blumenrose","https://signal.nfx.com/investors/ben-blumenrose","$500000","$100000","$1000000","San Francisco, California","N/A",""
"Ludlow Ventures","Jonathon Triest","https://signal.nfx.com/investors/jonathon-triest","$750000","$50000","$1000000","Detroit, Michigan","N/A",""
"Accelerated Digital Ventures","Keith Teare","https://signal.nfx.com/investors/keith-teare","$50000","$5000","$1500000","London, Palo Alto, California, Berlin, Germany","N/A",""
"FunCubator","Mikhail Kalashnikov","https://signal.nfx.com/investors/mikhail-kalashnikov","$200000","$50000","$1000000","","N/A",""
"Theronier Acquisitions Group","Andy Theronier","https://signal.nfx.com/investors/andy-theronier","$10000000","$1500000","$50000000","New York, New York, Miami, Florida, Hong Kong, Lakeland, Florida, Tampa, Florida, Orlando, Florida, West Palm Beach, Florida, Palm Beach Gardens, Florida, Boca Raton, Florida, Fort Lauderdale, Florida","N/A",""
"wikiHow","Jack Herrick","https://signal.nfx.com/investors/jack-herrick","$100000","$25000","$250000","Palo Alto, California","N/A",""
"Elysium Venture Capital","Peter Xu","https://signal.nfx.com/investors/peter-xu","$100000","$0","$1000000","Palo Alto, California, San Francisco, California, San Francisco Bay Area","N/A",""
"Quest Venture Partners","Maarten Hooft","https://signal.nfx.com/investors/maarten-hooft","$500000","$300000","$1000000","San Francisco, California, Palo Alto, California, Los Angeles, California, New York, New York, Washington, District of Columbia, Seattle, Washington","N/A",""
"Untapped Capital","Yohei Nakajima","https://signal.nfx.com/investors/yohei-nakajima","$250000","$50000","$500000","United States","N/A",""
"","Norman Liang","https://signal.nfx.com/investors/norman-liang","$1000000","$250000","$2500000","San Francisco, California, Taiwan, China","N/A",""
"TechAviv Founder Partners","Yaron Samid","https://signal.nfx.com/investors/yaron-samid","$1500000","$500000","$3000000","Tel Aviv, Israel, Palo Alto, California, New York, New York, Boston, Massachusetts, London","N/A",""
"Brand New Matter","Ben Werdmuller","https://signal.nfx.com/investors/ben-werdmuller","$50000","$50000","$50000","San Francisco Bay Area","N/A",""
"Overkill Ventures","David Ventzel","https://signal.nfx.com/investors/david-ventzel","$200000","$50000","$250000","","N/A",""
"NFX","Eyal Baumel","https://signal.nfx.com/investors/eyal-baumel","$100000","$50000","$100000","United States","N/A",""
"FunCubator","Ilya Inozemtsev","https://signal.nfx.com/investors/ilya-inozemtsev","$150000","$50000","$300000","Moscow, Tallinn, Wilmington, Delaware, Paris, France","N/A",""
"Luma Launch","Laurent Grill","https://signal.nfx.com/investors/laurent-grill","$200000","$100000","$250000","California, New York, New York, Seattle, Washington, Austin, Texas","N/A",""
"Flyer One Ventures","Victor Zakharchenko","https://signal.nfx.com/investors/viktor-zakharchenko","$500000","$150000","$2000000","Europe, United States, United Kingdom","N/A",""
"Crosscut Ventures","Clinton Foy","https://signal.nfx.com/investors/clinton-foy","$2000000","$500000","$5000000","Los Angeles, California, San Francisco, California, Seattle, Washington, New York, New York, Austin, Texas, Chicago, Illinois, Japan, Taiwan, China","N/A",""
"Y Combinator","Geoff Ralston","https://signal.nfx.com/investors/geoff-ralston","$150000","$150000","$150000","Sunnyvale, California, Mountain View, California","N/A",""
"XFactor Ventures","Aubrie Pagano","https://signal.nfx.com/investors/aubrie-pagano","$125000","$100000","$150000","New York, New York","N/A",""
"Greylock Partners","David Sze","https://signal.nfx.com/investors/david-sze","$25000000","$500000","$200000000","Menlo Park, California","N/A",""
"Partners Resolute","Judd Morgenstern","https://signal.nfx.com/investors/judd-morgenstern","$250000","$50000","$2000000","New York, New York, Los Angeles, California, Chicago, Illinois, San Francisco, California","N/A",""
"Monkey Byte Development, Inc.","Yonaton (Yon) Hardisty","https://signal.nfx.com/investors/yon-hardisty","$50000","$1","$300000","Oakland, California, San Francisco, California, Castro Valley, California ","N/A",""
"Centre Street Partners","Abe J Cohen","https://signal.nfx.com/investors/abe-j-cohen","$50000","$25000","$500000","","N/A",""
"PDM6","Anand Thaker","https://signal.nfx.com/investors/anand-thaker","$50000000","$250000","$100000000","Atlanta, Georgia, Boston, Massachusetts, Toronto, Ontario, Tel Aviv, Israel, San Francisco Bay Area, New York, New York","N/A",""
"Twoº & Rising","Francis Pollara","https://signal.nfx.com/investors/francis-pollara","$150000","$100000","$500000","California","N/A",""
"Krypton Venture Capital 4.0","Moshe Sarfaty","https://signal.nfx.com/investors/moshe-sarfaty","$1500000","$250000","$2500000","","N/A",""
"Y Combinator","Paul Buchheit","https://signal.nfx.com/investors/paul-buchheit","$150000","$150000","$150000","Mountain View, California","N/A",""
"Revelry Venture Partners","Peter Liu","https://signal.nfx.com/investors/peter-liu","$3000000","$250000","$7000000","New Orleans, Louisiana","N/A",""
"Courant Institute of Mathematical Sciences, New York University","Emily Baum","https://signal.nfx.com/investors/emily-baum","$100000","$50000","$500000","United States","N/A",""
"Right Side Capital Management","Jeff Pomeranz","https://signal.nfx.com/investors/jeff-pomeranz","$125000","$50000","$200000","San Francisco, California","N/A",""
"The Community Fund","Kara Weber","https://signal.nfx.com/investors/kara-weber","$37500","$25000","$50000","New York, New York","N/A",""
"Moxxie Ventures","Katie Stanton","https://signal.nfx.com/investors/katie-stanton","$1500000","$1000000","$1500000","San Francisco Bay Area, Boulder, Colorado, United States","N/A",""
"Rose Innovation Ltd","Liron Rose","https://signal.nfx.com/investors/liron-rose","$100000","$50000","$200000","Israel","N/A",""
"next media accelerator GmbH","Nico Lumma","https://signal.nfx.com/investors/nico-lumma","$50000","$25000","$50000","Europe, Israel","N/A",""
"","Rohit Gupta","https://signal.nfx.com/investors/rohit-gupta","$100000","$50000","$250000","","N/A",""
"Great Oaks Venture Capital","Andrew Boszhardt","https://signal.nfx.com/investors/andrew-boszhardt","$275000","$50000","$500000","New York, New York, San Francisco Bay Area","N/A",""
"Slauson & Co.","Austin Clements","https://signal.nfx.com/investors/austin-clements","$1500000","$100000","$5000000","Los Angeles, California","N/A",""
"Reach Capital","James Kim","https://signal.nfx.com/investors/james-kim","$2000000","$250000","$10000000","United States","N/A",""
"Broadway Angels","Julia Popowitz","https://signal.nfx.com/investors/julia-popowitz","$0","$0","$0","San Francisco Bay Area","N/A",""
"GSV Asset Management","Li Jiang","https://signal.nfx.com/investors/li-jiang","$0","$0","$0","San Francisco Bay Area","N/A",""
"Susa Ventures","Seth Berman","https://signal.nfx.com/investors/seth-berman","$1250000","$1000000","$1500000","San Francisco, California, San Francisco Bay Area, Los Angeles, California","N/A",""
"SV Angel","Abram Dawson","https://signal.nfx.com/investors/abram-dawson","$15000","$5000","$25000","","N/A",""
"Transcend Fund","Andrew Sheppard","https://signal.nfx.com/investors/andrew-sheppard","$1100000","$200000","$5000000","United States","N/A",""
"2B.VC","Arale Cohen","https://signal.nfx.com/investors/arale-cohen","$0","$0","$0","Israel","N/A",""
"Brooklyn Bridge Ventures","Charlie O'Donnell","https://signal.nfx.com/investors/charlie-o-donnell","$350000","$300000","$400000","Brooklyn, New York","N/A",""
"Allen Institute for Artificial Intelligence Incubator (AI2)","Lauren Krainski","https://signal.nfx.com/investors/lauren-krainski","$150000","$0","$0","","N/A",""
"Luma Launch","Matthew Lydecker","https://signal.nfx.com/investors/matthew-lydecker","$250000","$100000","$500000","Santa Monica, California","N/A",""
"","Taz Patel","https://signal.nfx.com/investors/taz-patel","$100000","$10000","$250000","United States, Canada, Europe, India","N/A",""
"Trinity Ventures","Ajay Chopra","https://signal.nfx.com/investors/ajay-chopra","$0","$0","$0","Menlo Park, California","N/A",""
"Goodwater Capital","Barrett Parkman","https://signal.nfx.com/investors/barrett-parkman","$4000000","$50000","$10000000","San Francisco Bay Area, Indonesia, South Korea, Brazil, Global, Singapore, United States, Europe","N/A",""
"Ride Home Fund","Chris Messina","https://signal.nfx.com/investors/chris-messina","$1500000","$100000","$5000000","Oakland, California","N/A",""
"IGAMING IDEAS","DAVID SARGEANT","https://signal.nfx.com/investors/david-sargeant","$150000","$50000","$250000","United States, Europe, Canada, Las Vegas, Nevada, New York, New York, London","N/A",""
"Unknown Ventures","Doug Wilsterman","https://signal.nfx.com/investors/doug-wilsterman","$25000","$10000","$100000","San Francisco Bay Area","N/A",""
"Sequoia Capital","Ellen DaSilva","https://signal.nfx.com/investors/ellen-dasilva","$25000","$5000","$50000","United States, New York, New York","N/A",""
"NXTP Labs","Gonzalo Costa","https://signal.nfx.com/investors/gonzalo-costa","$0","$0","$0","New York, New York","N/A",""
"Dunce Capital","John Danner","https://signal.nfx.com/investors/john-danner","$1000000","$100000","$10000000","Palo Alto, California","N/A",""
"Hive Hatch","Mike Rowan","https://signal.nfx.com/investors/mike-rowan","$50000","$25000","$100000","Miami, Florida, Connecticut","N/A",""
"Sequoia Capital","Sunil Rajaraman","https://signal.nfx.com/investors/sunil-rajaraman","$100000","$50000","$500000","San Francisco, California","N/A",""
"M8 Ventures","Alan Jones","https://signal.nfx.com/investors/alan-jones","$30000","$10000","$50000","Sydney","N/A",""
"Wealthfront Inc.","Ali Rosenthal","https://signal.nfx.com/investors/ali-rosenthal","$1500000","$500000","$2000000","Palo Alto, California","N/A",""
"Collaborative Fund (Collab Fund)","Andrew Montgomery","https://signal.nfx.com/investors/andrew-montgomery","$1500000","$200000","$7000000","New York, New York","N/A",""
"TechNexus Venture Collaborative","Brett Bivens","https://signal.nfx.com/investors/brett-bivens","$250000","$25000","$2000000","United States, Europe","N/A",""
"Draper Startup House Accelerator","Daniel Wiegand","https://signal.nfx.com/investors/daniel-wiegand","$50000","$50000","$100000","Global","N/A",""
"Coffee Ventures","Eddy Lee","https://signal.nfx.com/investors/eddy-lee","$0","$0","$0","Singapore","N/A",""
"Kickstart Fund","Gavin Christensen","https://signal.nfx.com/investors/gavin-christensen","$1500000","$100000","$5000000","Salt Lake City, Utah","N/A",""
"Supernode Ventures","Laurel Touby","https://signal.nfx.com/investors/laurel-touby","$75000","$50000","$100000","New York, New York","N/A",""
"","Micah Baldwin","https://signal.nfx.com/investors/micah-baldwin","$15000","$5000","$25000","Seattle, Washington","N/A",""
"Platform Labs Pte. Ltd.","Michael (ByungSun) Hwang","https://signal.nfx.com/investors/michael_1","$500000","$100000","$1000000","Singapore","N/A",""
"Thynk Ventures","Prattyush Shobhane","https://signal.nfx.com/investors/prattyush-shobhane","$65000","$50000","$200000","New Delhi, India, Melbourne, Australia","N/A",""
"Wealth Your Way Mastermind","Robin J. Williams","https://signal.nfx.com/investors/rob-williams","$1500000","$500000","$2000000","","N/A",""
"468 Capital","Alexander Kudlich","https://signal.nfx.com/investors/alexander-kudlich","$1500000","$100000","$1500000","Berlin, Germany","N/A",""
"Initialized Capital","Andrew Sather","https://signal.nfx.com/investors/andrew-sather","$2500000","$1000000","$4000000","San Francisco Bay Area","N/A",""
"","Ashley Larson","https://signal.nfx.com/investors/ashley-larson","$25000","$5000","$50000","Washington, District of Columbia","N/A",""
"Elementum Ventures","Ben Patterson","https://signal.nfx.com/investors/ben-patterson","$750000","$250000","$2000000","San Francisco, California","N/A",""
"Patron","Brian Cho","https://signal.nfx.com/investors/brian-cho","$2000000","$750000","$4000000","San Francisco Bay Area","N/A",""
"Melo7 Tech Partners, LLC","Carmelo Anthony","https://signal.nfx.com/investors/carmelo-anthony","$0","$0","$0","New York, New York","N/A",""
"Matter Ventures","Corey Ford","https://signal.nfx.com/investors/corey-ford","$0","$0","$0","Palo Alto, California, New York, New York","N/A",""
"Notion Capital","David Rosenberg","https://signal.nfx.com/investors/david-rosenberg_1","$50000","$25000","$100000","","N/A",""
"Mashman Investments","Isaac Mashman","https://signal.nfx.com/investors/isaac-mashman","$3000","$100","$10000","","N/A",""
"","Jared Erondu","https://signal.nfx.com/investors/jared-erondu","$25000","$10000","$50000","San Francisco Bay Area","N/A",""
"Right Side Capital Management","Kevin Dick","https://signal.nfx.com/investors/kevin-dick","$125000","$50000","$200000","San Francisco, California, San Francisco Bay Area","N/A",""
"Ridge Ventures (Formerly known as IDG Ventures USA)","Minn Kim","https://signal.nfx.com/investors/minn-kim","$500000","$25000","$1000000","San Francisco Bay Area","N/A",""
"3one4 Capital","Mohandas Pai","https://signal.nfx.com/investors/mohandas-pai","$1500000","$100000","$5000000","India","N/A",""
"Cyrus Angel Fund","Oded Caspi","https://signal.nfx.com/investors/oded-caspi","$0","$25000","$200000","Israel","N/A",""
"Betaworks Ventures","Peter Rojas","https://signal.nfx.com/investors/peter-rojas","$500000","$200000","$550000","San Francisco, California, New York, New York, Seattle, Washington, Los Angeles, California, Austin, Texas, Boston, Massachusetts, London, Washington, District of Columbia","N/A",""
"Griffin Gaming Partners","Rizwan Virk","https://signal.nfx.com/investors/rizwan-virk","$1500000","$100000","$5000000","Mountain View, California, Tempe, Arizona","N/A",""
"","Sofia Vergara","https://signal.nfx.com/investors/sofia-vergara","$25000","$5000","$50000","Los Angeles, California, Colombia","N/A",""
"Venista Ventures","Tobias Neveling","https://signal.nfx.com/investors/tobias-neveling","$250000","$50000","$750000","","N/A",""
"Ascendo Ventures","Aaron Shin","https://signal.nfx.com/investors/aaron-shin","$25000000","$10000000","$50000000","South Korea","N/A",""
"Raine Ventures","Aditya Harnal","https://signal.nfx.com/investors/aditya-harnal","$2000000","$100000","$5000000","Global","N/A",""
"Verizon Ventures","Ajay Patel","https://signal.nfx.com/investors/ajay-patel","$1500000","$100000","$5000000","New York, New York","N/A",""
"","Alejandra Calvo","https://signal.nfx.com/investors/alejandra-calvo","$0","$0","$0","San Francisco Bay Area, New York, New York","N/A",""
"Spacecadet Ventures","Alexa Binns","https://signal.nfx.com/investors/alexa-binns","$100000","$25000","$500000","United States","N/A",""
"Accenture","Anand Swaminathan","https://signal.nfx.com/investors/anand-swaminathan","$0","$0","$0","San Francisco, California","N/A",""
"P101","Andrea Di Camillo","https://signal.nfx.com/investors/andrea-di-camillo","$500000","$500000","$5000000","Milan, Italy","N/A",""
"Holloway","Andy Sparks","https://signal.nfx.com/investors/andy-sparks","$15000","$5000","$25000","San Francisco, California","N/A",""
"Prehype","Angel Gambino","https://signal.nfx.com/investors/angel-gambino","$50000","$25000","$150000","United States, Canada, United Kingdom, LatAm (Latin America)","N/A",""
"3one4 Capital","Anurag Ramdasan","https://signal.nfx.com/investors/anurag-ramdasan","$1500000","$100000","$5000000","India","N/A",""
"LearnLaunch Accelerator","Asad Butt","https://signal.nfx.com/investors/asad-butt","$0","$20000","$120000","","N/A",""
"Austin Rief Rolling Fund","Austin Rief","https://signal.nfx.com/investors/austin-rief","$75000","$50000","$100000","New York, New York","N/A",""
"Brainye","Avishai Sam","https://signal.nfx.com/investors/avishai-sam","$50000","$25000","$100000","Tel Aviv, Israel","N/A",""
"Voyager Capital","Bill McAleer","https://signal.nfx.com/investors/bill-mcaleer","$1500000","$100000","$5000000","Seattle, Washington","N/A",""
"McCarthy Capital","Brian Zaversnik","https://signal.nfx.com/investors/brian-zaversnik","$1500000","$100000","$5000000","Omaha, Nebraska","N/A",""
"Edge Case Capital Partners","Caden Moskowitz","https://signal.nfx.com/investors/caden-moskowitz_1","$50000","$25000","$100000","","N/A",""
"C4 Ventures","Capucine Viguier","https://signal.nfx.com/investors/capucine-viguier","$2000000","$500000","$5000000","Paris, France","N/A",""
"Arcanum Ventures","Carmelo Giuliano","https://signal.nfx.com/investors/carmelo-giuliano","$50000","$5000","$100000","","N/A",""
"Transmedia Capital","Chris Redlitz","https://signal.nfx.com/investors/chris-redlitz","$0","$250000","$2000000","San Francisco, California","N/A",""
"Atypical Ventures","Chris Wake","https://signal.nfx.com/investors/chris-wake","$750000","$500000","$1000000","New York, New York, Global","N/A",""
"Stanford GSB Impact Fund","Connor Regan","https://signal.nfx.com/investors/connor-regan","$50000","$25000","$100000","","N/A",""
"UP.Partners","Cyrus Sigari","https://signal.nfx.com/investors/cyrus-sigari","$1500000","$100000","$5000000","Los Angeles, California","N/A",""
"","Dana Kibler","https://signal.nfx.com/investors/dana-kibler","$0","$0","$0","","N/A",""
"F4 Fund","David Kaye","https://signal.nfx.com/investors/david-kaye_3","$250000","$100000","$500000","Global","N/A",""
"Blockfolio","Edward Moncada","https://signal.nfx.com/investors/edward-moncada","$1500000","$100000","$5000000","Los Angeles, California","N/A",""
"","Evgeniy Zhukovets","https://signal.nfx.com/investors/evgeniy-zhukovets","$200000","$50000","$250000","Thailand","N/A",""
"Soteria Ventures","Gideon Reeves","https://signal.nfx.com/investors/gideon-reeves","$1500000","$100000","$5000000","London","N/A",""
"Newlin","Grant Newlin","https://signal.nfx.com/investors/grant-newlin","$150000","$10000","$200000","Chicago, Illinois, Austin, Texas, Sao Paulo, Brazil, Buenos Aires, Argentina, Santiago, Chile","N/A",""
"TCG (The Chernin Group)","Greg Bettinelli","https://signal.nfx.com/investors/greg-bettinelli","$1000000","$750000","$5000000","Los Angeles / Southern California, Los Angeles, California","N/A",""
"Twelve Sutherland","Gregory Leonarczyk","https://signal.nfx.com/investors/gregory-leonarczyk","$250000","$10000","$5000000","New York, New York, Austin, Texas, San Antonio, Texas, Los Angeles, California, San Francisco, California, Chicago, Illinois, New Orleans, Louisiana, London, Philadelphia, Pennsylvania, Miami, Florida, San Diego, California, San Francisco Bay Area, Cape Town, South Africa, Paris, France, Toronto, Ontario","N/A",""
"TBD Angels","Greg Smith","https://signal.nfx.com/investors/greg-smith","$5000","$2500","$25000","","N/A",""
"3one4 Capital","Hardik Raj Kharga","https://signal.nfx.com/investors/hardik-raj-kharga","$1500000","$100000","$5000000","India","N/A",""
"Angel Ventures","Hernan Fernandez Lamadrid","https://signal.nfx.com/investors/hernan-fernandez-lamadrid","$5000000","$1000000","$10000000","Mexico City, Mexico","N/A",""
"Independent","Illia Hryshko","https://signal.nfx.com/investors/illia-hryshko","$100000","$10000","$1000000","","N/A",""
"Voima Ventures","Inka Mero","https://signal.nfx.com/investors/inka-mero","$1500000","$100000","$5000000","Helsinki, Finland","N/A",""
"Bain Capital","Iris Fuli","https://signal.nfx.com/investors/iris-fuli","$1500000","$100000","$5000000","London","N/A",""
"Muchmore Ventures","Jake Nechamkin","https://signal.nfx.com/investors/jake-nechamkin_1","$500000","$50000","$1000000","Tel Aviv-Yafo, Israel, Los Angeles, California, New York, New York, United States, Israel","N/A",""
"Sharma","Jason Jay Sharma","https://signal.nfx.com/investors/jason-jay-sharma","$5000","$1000","$20000","","N/A",""
"","Jim Lanzone","https://signal.nfx.com/investors/jim-lanzone","$25000","$5000","$50000","San Francisco, California","N/A",""
"Portugal Ventures","Joana Rocha","https://signal.nfx.com/investors/joana-rocha","$1000000","$60000","$1710000","Lisbon, Portugal","N/A",""
"Kewpie Associates","John Ason","https://signal.nfx.com/investors/john-ason","$0","$0","$0","Westfield, Massachusetts","N/A",""
"AMASIA","John Kim","https://signal.nfx.com/investors/john-kim_6","$1500000","$100000","$5000000","Los Angeles, California, Singapore","N/A",""
"True Global Ventures","Jonathan Cooper","https://signal.nfx.com/investors/jonathan-cooper","$1500000","$100000","$5000000","Zagreb, Croatia","N/A",""
"CDP Venture Capital","Lorenzo Franchini","https://signal.nfx.com/investors/lorenzo-franchini","$6100100","$580000","$11620000","Milan, Italy","N/A",""
"FirstHand Alliance","Ludovic Ulrich","https://signal.nfx.com/investors/ludovic-ulrich_1","$1500000","$100000","$5000000","San Francisco, California, San Francisco Bay Area","N/A",""
"Black Angel Group","Malik Ducard","https://signal.nfx.com/investors/malik-ducard","$1500000","$100000","$5000000","Los Angeles, California","N/A",""
"MVG Capital Group","Mariano Gonzalez","https://signal.nfx.com/investors/mariano-gonzalez","$150000","$50000","$250000","San Antonio, Texas","N/A",""
"Animal Capital","Marshall Sandman","https://signal.nfx.com/investors/marshall-sandman","$1000000","$100000","$10000000","New York, New York, Los Angeles, California","N/A",""
"Makers Fund","Matthew Ball","https://signal.nfx.com/investors/matthew-ball","$7500000","$5000000","$40000000","Canada","N/A",""
"Ember Company","Matt Jung","https://signal.nfx.com/investors/matt-jung","$250000","$100000","$1000000","","N/A",""
"Independent","Matt Mahar","https://signal.nfx.com/investors/matt-mahar","$5000","$5000","$25000","San Francisco, California","N/A",""
"Audrey Capital","Matt Mullenweg","https://signal.nfx.com/investors/matt-mullenweg","$0","$0","$0","San Francisco Bay Area","N/A",""
"Animal Capital","Michael Gruen","https://signal.nfx.com/investors/michael-gruen","$1000000","$100000","$10000000","Los Angeles, California","N/A",""
"Eight Roads Ventures","Michael Stephanblome","https://signal.nfx.com/investors/michael-stephanblome","$25000000","$5000000","$50000000","London","N/A",""
"Griffin Gaming Partners","Mike Capps","https://signal.nfx.com/investors/mike-capps","$1500000","$100000","$5000000","Raleigh, North Carolina","N/A",""
"AfterWork Ventures","Nan Meka","https://signal.nfx.com/investors/nan-meka","$300000","$100000","$500000","Australia","N/A",""
"BITKRAFT Ventures","Nicolas Vereecke","https://signal.nfx.com/investors/nicolas-vereecke","$3500000","$200000","$5000000","Brussels","N/A",""
"3one4 Capital","Nitya Agarwal","https://signal.nfx.com/investors/nitya-agarwal","$1500000","$100000","$5000000","India","N/A",""
"ARCH Venture Partners","Patrick J. Ennis","https://signal.nfx.com/investors/patrick-j-ennis","$5000000","$500000","$10000000","Washington","N/A",""
"Next 10 Ventures","Paul Condolora","https://signal.nfx.com/investors/paul-condolora","$0","$0","$0","Los Angeles, California, Singapore","N/A",""
"Stealth Capital","Paul Ragsdale, PhD","https://signal.nfx.com/investors/paul-ragsdale","$25000000","$1000000","$300000000","United States","N/A",""
"Imagination Capital","Rachel Lam","https://signal.nfx.com/investors/rachel-lam","$375000","$250000","$500000","New York, New York","N/A",""
"Great Oaks Venture Capital","Raj Sandhu","https://signal.nfx.com/investors/raj-sandhu","$275000","$50000","$500000","San Francisco, California, New York, New York","N/A",""
"AMASIA","Ramanan Raghavendran","https://signal.nfx.com/investors/ramanan-raghavendran","$1500000","$100000","$5000000","San Francisco, California","N/A",""
"Touchdown Ventures","Rich Grant","https://signal.nfx.com/investors/rich-grant","$0","$0","$0","San Francisco, California","N/A",""
"","Robert Wuttke","https://signal.nfx.com/investors/robert-wuttke","$0","$0","$0","San Francisco, California","N/A",""
"Learn Capital","Rob Hutter","https://signal.nfx.com/investors/rob-hutter","$0","$0","$0","San Mateo, California","N/A",""
"","Roger McNamee","https://signal.nfx.com/investors/roger-mcnamee","$25000","$5000","$50000","San Francisco, California","N/A",""
"","Satish Malnaik","https://signal.nfx.com/investors/satish-m_1","$25000","$2000","$50000","","N/A",""
"","Shashank Deshpande","https://signal.nfx.com/investors/shashank-deshpande","$50000","$25000","$100000","India, United States","N/A",""
"3one4 Capital","Siddarth Pai","https://signal.nfx.com/investors/siddarth-pai","$1500000","$100000","$5000000","India","N/A",""
"3one4 Capital","Sonal Saldanha","https://signal.nfx.com/investors/sonal-saldanha","$1500000","$100000","$5000000","India","N/A",""
"ANRI","Taro Maruyama","https://signal.nfx.com/investors/taro-maruyama","$1500000","$100000","$5000000","Tokyo","N/A",""
"DN Capital","Thomas Rubens","https://signal.nfx.com/investors/thomas-rubens","$11000000","$1000000","$22000000","London, Europe, France, Germany, Sweden","N/A",""
"Athlete Capital","Tim Zwiener","https://signal.nfx.com/investors/athlete-capital","$25000","$5000","$100000","Europe","N/A",""
"Wasabi Ventures","TK Kuegler","https://signal.nfx.com/investors/tk-kuegler","$0","$0","$0","","N/A",""
"General Catalyst","Vincent Zhu","https://signal.nfx.com/investors/vincent-zhu","$2000000","$250000","$8000000","New York, New York","N/A",""
"Spacecadet Ventures","Wiz ‎","https://signal.nfx.com/investors/wiz","$250000","$100000","$1000000","New York City","N/A",""
"500 Global","Yingjie Wang","https://signal.nfx.com/investors/yingjie-wang","$150000","$150000","$2000000","San Francisco, California, San Francisco Bay Area","N/A",""
"Sprout Social, Inc.","Aaron Rankin","https://signal.nfx.com/investors/aaron-rankin","$1500000","$100000","$5000000","Chicago, Illinois","N/A",""
"Egypt Ventures","AbdelRahman Mansour","https://signal.nfx.com/investors/abdelrahman-mansour","$1500000","$100000","$5000000","Egypt","N/A",""
"Egypt Ventures","Ahmed Gomaa","https://signal.nfx.com/investors/ahmed-gomaa","$1500000","$100000","$5000000","Egypt","N/A",""
"Magic Eden","AJ Thomas","https://signal.nfx.com/investors/aj-thomas","$575000","$500000","$1000000","United States","N/A",""
"Bridge Angel Investors","Alain Bankier","https://signal.nfx.com/investors/alain-bankier","$1500000","$100000","$5000000","Florida","N/A",""
"Black Angel Group","Alexa Hall","https://signal.nfx.com/investors/alexa-hall","$1500000","$100000","$5000000","San Francisco, California","N/A",""
"Decart","Alex Hofmann","https://signal.nfx.com/investors/alex-hofmann","$200000","$150000","$250000","Los Angeles, California","N/A",""
"Skyview Capital","Alex Soltani","https://signal.nfx.com/investors/alex-soltani","$25000000","$5000000","$75000000","Los Angeles, California","N/A",""
"McCarthy Capital","Alyssa Anglin","https://signal.nfx.com/investors/alyssa-anglin","$1500000","$100000","$5000000","Omaha, Nebraska","N/A",""
"Black Angel Group","Amari Guisinger","https://signal.nfx.com/investors/amari-guisinger","$1500000","$100000","$5000000","Los Angeles, California","N/A",""
"MCM Prime","Amir Luria","https://signal.nfx.com/investors/amir-luria","$50000","$10000","$100000","","N/A",""
"Fireside Ventures","Amit Kulkarni","https://signal.nfx.com/investors/amit-kulkarni","$1500000","$100000","$5000000","India","N/A",""
"Samsung NEXT Ventures","Amy Lee","https://signal.nfx.com/investors/amy-lee","$1500000","$100000","$5000000","Seoul, South Korea","N/A",""
"Invisto","Anderson de Andrade","https://signal.nfx.com/investors/anderson-de-andrade","$1500000","$100000","$5000000","Brazil, Sao Paulo, Brazil","N/A",""
"Headline (formerly e.ventures)","Andreas Haug","https://signal.nfx.com/investors/andreas-haug","$15250000","$500000","$30000000","Hamburg","N/A",""
"Launchpad Capital","Andrew Drake","https://signal.nfx.com/investors/andrew-drake","$1000000","$100000","$2000000","Oakland, California","N/A",""
"Heroic Ventures","Andrew Schultz","https://signal.nfx.com/investors/andrew-schultz","$1500000","$100000","$5000000","Palo Alto, California","N/A",""
"University of Washington Applied Physics Laboratory","Andy Liu","https://signal.nfx.com/investors/andy-liu","$1125000","$750000","$1500000","Seattle, Washington","N/A",""
"Griffin Gaming Partners","Angela Dalton","https://signal.nfx.com/investors/angela-dalton","$1500000","$100000","$5000000","Brooklyn, New York","N/A",""
"Fireside Ventures","Ankur Khaitan","https://signal.nfx.com/investors/ankur-khaitan","$1500000","$100000","$5000000","India","N/A",""
"Makers Fund","Anna Sweet","https://signal.nfx.com/investors/anna-sweet","$7500000","$5000000","$40000000","Half Moon Bay, San Francisco Bay Area","N/A",""
"Samsung NEXT Ventures","Antonio Key","https://signal.nfx.com/investors/antonio-key","$1500000","$100000","$5000000","San Francisco Bay Area","N/A",""
"Anicut Capital","Ashvin Chadha","https://signal.nfx.com/investors/ashvin-chadha","$1500000","$100000","$5000000","New Delhi, India","N/A",""
"3one4 Capital","Ashwini Thulsaram","https://signal.nfx.com/investors/ashwini-thulsaram","$1500000","$100000","$5000000","India","N/A",""
"High-Tech Gründerfonds","Axel Nitsch","https://signal.nfx.com/investors/axel-nitsch","$1500000","$100000","$5000000","Bonn, Germany","N/A",""
"McCarthy Capital","BJ Hansen","https://signal.nfx.com/investors/bj-hansen","$1500000","$100000","$5000000","Omaha, Nebraska","N/A",""
"Dara5","Bjoern Lippe","https://signal.nfx.com/investors/bjoern-lippe","$1500000","$100000","$5000000","United Kingdom","N/A",""
"CreatorLed Ventures","Blake Michael","https://signal.nfx.com/investors/blake-michael","$1500000","$100000","$5000000","Los Angeles, California","N/A",""
"Krew Capital","Bobby (Byung-Hoon) Min","https://signal.nfx.com/investors/bobby-byung-hoon-min","$200000","$100000","$500000","","N/A",""
"McCarthy Capital","Bob Emmert","https://signal.nfx.com/investors/bob-emmert","$1500000","$100000","$5000000","Boston, Massachusetts","N/A",""
"C4 Ventures","Boris Bakech","https://signal.nfx.com/investors/6hrs-boris-bakech","$2000000","$500000","$5000000","France","N/A",""
"Oceans","Brian Lew","https://signal.nfx.com/investors/brian-lew","$1500000","$100000","$5000000","Brooklyn, New York","N/A",""
"Coyote Ventures","Brittany Barreto","https://signal.nfx.com/investors/brittany-barreto_2","$300000","$100000","$500000","Raleigh, North Carolina","N/A",""
"Voyager Capital","Bruce Chizen","https://signal.nfx.com/investors/bruce-chizen","$1500000","$100000","$5000000","Los Altos, California, San Francisco, California, San Francisco Bay Area","N/A",""
"Kerpen Ventures","Carrie Kerpen","https://signal.nfx.com/investors/carrie-kerpen","$100000","$25000","$250000","New York, New York","N/A",""
"McCarthy Capital","Chase Meyer","https://signal.nfx.com/investors/chase-meyer","$1500000","$100000","$5000000","Omaha, Nebraska","N/A",""
"Color Capital","Chris Cantino","https://signal.nfx.com/investors/chris-cantino","$150000","$100000","$250000","California, United States","N/A",""
"Brown Venture Group","Chris Dykstra","https://signal.nfx.com/investors/chris-dykstra","$1500000","$100000","$5000000","Minneapolis, Minnesota","N/A",""
"Crossbeam Venture Partners","Chris Ryan","https://signal.nfx.com/investors/chris-ryan","$1500000","$500000","$3000000","New York, New York","N/A",""
"btov Partners","Christian Reitberger","https://signal.nfx.com/investors/christian-reitberger","$5650000","$300000","$11000000","Munich, Germany","N/A",""
"Corazon Capital","Christian Rudder","https://signal.nfx.com/investors/christian-rudder","$1500000","$100000","$5000000","Brooklyn, New York","N/A",""
"Cyberlaunch","Christopher Klaus","https://signal.nfx.com/investors/christopher-klaus","$1500000","$100000","$5000000","Atlanta, Georgia","N/A",""
"C4 Ventures","Christophe Walewski","https://signal.nfx.com/investors/christophe-walewski","$2000000","$500000","$5000000","London","N/A",""
"Gradient Ventures","Clayton Petty","https://signal.nfx.com/investors/clayton-petty","$4500000","$1000000","$8000000","San Francisco, California","N/A",""
"Litquidity Ventures","Colton Cray","https://signal.nfx.com/investors/colton-cray","$150000","$75000","$2500000","United States","N/A",""
"M13","Courtney Reum","https://signal.nfx.com/investors/courtney-reum","$5500000","$4000000","$7000000","Los Angeles, California","N/A",""
"DEV","Damian Manning","https://signal.nfx.com/investors/damian-manning","$0","$0","$0","New York, New York","N/A",""
"MediaLab","Daniel Broukhim","https://signal.nfx.com/investors/daniel-broukhim","$1500000","$100000","$5000000","Los Angeles, California","N/A",""
"S4S Ventures","Daniel Pinto","https://signal.nfx.com/investors/daniel-pinto","$1500000","$100000","$5000000","London","N/A",""
"eonCapital","Dave Carlson","https://signal.nfx.com/investors/dave-carlson","$0","$0","$0","Denver, Colorado","N/A",""
"Convoi Ventures","Dave Geurts","https://signal.nfx.com/investors/dave-geurts","$60000","$20000","$100000","Salt Lake City, Utah","N/A",""
"EONXI","David Amerson","https://signal.nfx.com/investors/david-amerson","$1125000","$750000","$1500000","Miami, Florida","N/A",""
"Baroda Ventures","David Bohnett","https://signal.nfx.com/investors/david-bohnett","$3000000","$1000000","$5000000","Los Angeles, California","N/A",""
"eSeed","David Galante","https://signal.nfx.com/investors/david-galante","$25000","$5","$50000","","N/A",""
"South Park Commons","David Kossnick","https://signal.nfx.com/investors/david-kossnick","$50000","$25000","$100000","San Francisco Bay Area, San Francisco, California","N/A",""
"Eight Roads","Davor Hebel","https://signal.nfx.com/investors/davor-hebel","$25000000","$5000000","$50000000","London, Amsterdam, Netherlands, Tel Aviv, Israel, Herzliya, Israel","N/A",""
"Skyview Capital","Dean Estrada","https://signal.nfx.com/investors/dean-estrada","$25000000","$5000000","$75000000","Los Angeles, California","N/A",""
"Marathon Venture Capital","Dimitris Maris","https://signal.nfx.com/investors/dimitris-maris","$1500000","$100000","$5000000","Greece","N/A",""
"Fireside Ventures","Dipanjan Basu","https://signal.nfx.com/investors/dipanjan-basu","$1500000","$100000","$5000000","India","N/A",""
"BDC Venture Capital","Dominique Bélanger","https://signal.nfx.com/investors/dominique-belanger","$3500000","$2000000","$5000000","Montreal","N/A",""
"Skyview Capital","Don Swan","https://signal.nfx.com/investors/don-swan","$25000000","$5000000","$75000000","Los Angeles, California","N/A",""
"Syncom Venture Partners","Duane McKnight","https://signal.nfx.com/investors/duane-mcknight","$0","$0","$0","Washington, District of Columbia","N/A",""
"Samaipata","Eduardo Díez-Hochleitner","https://signal.nfx.com/investors/eduardo-diez-hochleitner","$1750000","$575000","$3500000","Madrid, Spain","N/A",""
"Reinventure Capital","Edward Dugger III","https://signal.nfx.com/investors/edward-dugger-iii","$0","$0","$0","Boston, Massachusetts","N/A",""
"Skyview Capital","Edward Zyszkowski","https://signal.nfx.com/investors/edward-zyszkowski","$25000000","$5000000","$75000000","Los Angeles, California","N/A",""
"Breega","Elena Cebollero Fraile","https://signal.nfx.com/investors/elena-cebollero-fraile","$10843000","$685000","$21000000","Madrid, Spain","N/A",""
"Griffin Gaming Partners","Emily Wang","https://signal.nfx.com/investors/emily-wang_2","$1500000","$100000","$5000000","San Francisco, California","N/A",""
"C4 Ventures","Eric Boustouller","https://signal.nfx.com/investors/eric-boustouller","$2000000","$500000","$5000000","Paris, France","N/A",""
"Math Capital","Eric Franchi","https://signal.nfx.com/investors/eric-franchi","$1500000","$100000","$5000000","New York, New York","N/A",""
"CreatorLed Ventures","Eric Kullberg","https://signal.nfx.com/investors/eric-kullberg","$1500000","$100000","$5000000","Dubai, United Arab Emirates","N/A",""
"Hawke Ventures","Erik Huberman","https://signal.nfx.com/investors/erik-huberman","$175000","$100000","$250000","Los Angeles, California","N/A",""
"1-4-All Group","Erik L.","https://signal.nfx.com/investors/erik-l_1","$500000","$100000","$2500000","Global","N/A",""
"Dalus Capital","Ewhen Jardon Angonoa","https://signal.nfx.com/investors/ewhen-jardon-angonoa","$3250000","$500000","$6000000","Buenos Aires, Argentina","N/A",""
"Alpaca VC","Farryn Weiner","https://signal.nfx.com/investors/farryn-weiner","$500000","$100000","$2500000","New York, New York","N/A",""
"OCEAN.capital","Ferran Brichs","https://signal.nfx.com/investors/ferran-brichs","$1500000","$100000","$5000000","Sao Paulo, Brazil","N/A",""
"Griffin Gaming Partners","Frankie Zhu","https://signal.nfx.com/investors/frankie-zhu","$1500000","$100000","$5000000","San Francisco, California","N/A",""
"Skyview Capital","Gerald (Jerry) Kinnick","https://signal.nfx.com/investors/gerald-jerry-kinnick","$25000000","$5000000","$75000000","Los Angeles, California","N/A",""
"Corazon Capital","Greg Johnston","https://signal.nfx.com/investors/greg-johnston","$1500000","$100000","$5000000","Chicago, Illinois","N/A",""
"Griffin Gaming Partners","Gregory Wertman","https://signal.nfx.com/investors/gregory-wertman","$1500000","$100000","$5000000","Los Angeles, California","N/A",""
"Soma Capital","Gustavo Caetano","https://signal.nfx.com/investors/gustavo-caetano","$2500000","$1000000","$5000000","Belo Horizonte, Brazil","N/A",""
"Plug & Play Ventures","Gwyneth Lewis","https://signal.nfx.com/investors/gwyneth-lewis","$114000","$30000","$500000","New York, New York","N/A",""
"DuF Investments","Hadrien de La Tour","https://signal.nfx.com/investors/hadrien-de-la-tour","$1000000","$100000","$10000000","New York, Paris, France","N/A",""
"London Venture Partners","Harry Hamer","https://signal.nfx.com/investors/harry-hamer","$1000000","$500000","$2500000","","N/A",""
"Voima Ventures","Harry Santamäki","https://signal.nfx.com/investors/harry-santamaki","$1500000","$100000","$5000000","Helsinki, Finland","N/A",""
"Greenfield One","Henning Kosmack","https://signal.nfx.com/investors/henning-kosmack","$25000","$5000","$50000","Germany","N/A",""
"Yext","Howard Lerman","https://signal.nfx.com/investors/howard-lerman","$1500000","$100000","$5000000","Miami Beach, Florida","N/A",""
"Red Building Capital","Ian Lin","https://signal.nfx.com/investors/ian-lin","$500000","$300000","$1500000","United States, Hong Kong, Singapore, Taiwan, South Korea, Europe","N/A",""
"Plug & Play Ventures","Ignacio Miranda","https://signal.nfx.com/investors/ignacio-miranda","$150000","$50000","$1000000","Madrid, Spain","N/A",""
"Dorm Room Fund","Imran Khoja","https://signal.nfx.com/investors/imran-khoja","$1500000","$100000","$5000000","Stanford, California, San Francisco, California, San Francisco Bay Area","N/A",""
"Ada Ventures","Isaac Teng","https://signal.nfx.com/investors/isaac-teng","$500000","$250000","$1000000","Cambridge, United Kingdom","N/A",""
"Crivo","Isabela Mac","https://signal.nfx.com/investors/isabela-mac","$150","$100","$300","Brazil","N/A",""
"Fireside Ventures","Ishan Ambardar","https://signal.nfx.com/investors/ishan-ambardar","$1500000","$100000","$5000000","India","N/A",""
"Notion Capital","Itxaso del Palacio","https://signal.nfx.com/investors/itxaso-del-palacio","$6000000","$2000000","$10000000","London","N/A",""
"East West Ventures EWV","Jaeson Ma","https://signal.nfx.com/investors/jaeson-ma","$1500000","$100000","$5000000","Los Angeles, California","N/A",""
"Black Ops Ventures","James Norman","https://signal.nfx.com/investors/james-norman","$1500000","$100000","$5000000","Miami, Florida, United States","N/A",""
"TenOneTen Ventures","James Wing","https://signal.nfx.com/investors/james-wing","$750000","$250000","$1000000","San Francisco, California","N/A",""
"Skyview Capital","Jared Cohen","https://signal.nfx.com/investors/jared-cohen","$1500000","$100000","$5000000","Los Angeles, California","N/A",""
"Black Angel Group","Jason Scott","https://signal.nfx.com/investors/jason-scott","$1500000","$100000","$5000000","New York, New York","N/A",""
"AMASIA","Jean-Baptiste Rugiero","https://signal.nfx.com/investors/jean-baptiste-rugiero","$1500000","$100000","$5000000","California","N/A",""
"Fika Ventures","Jeff Diamond","https://signal.nfx.com/investors/jeff-diamond_1","$2500000","$1000000","$5000000","United States, Canada","N/A",""
"Skyview Capital","Jeffrey Luft","https://signal.nfx.com/investors/jeffrey-luft","$25000000","$5000000","$75000000","Los Angeles, California","N/A",""
"Cobre Capital","Jeffrey Pruitt","https://signal.nfx.com/investors/jeffrey-pruitt","$350000","$200000","$500000","Phoenix, Arizona","N/A",""
"Skyview Capital","Jeff White","https://signal.nfx.com/investors/jeff-white_2","$25000000","$5000000","$75000000","Los Angeles, California","N/A",""
"January Ventures","Jennifer Keiser Neundorfer","https://signal.nfx.com/investors/jennifer-keiser-neundorfer","$500000","$250000","$750000","Boston, Massachusetts, United States","N/A",""
"Black Angel Group","Jeremiah Gordon","https://signal.nfx.com/investors/jeremiah-gordon","$1500000","$100000","$5000000","San Francisco, California","N/A",""
"Citta Capital","Jim Mao","https://signal.nfx.com/investors/jim-mao","$1500000","$100000","$5000000","Menlo Park, California","N/A",""
"MAYK AI (covers.ai)","JJ Aguhob","https://signal.nfx.com/investors/jj-aguhob","$200000","$150000","$250000","Santa Monica, California","N/A",""
"Southbox","Jon Gosier","https://signal.nfx.com/investors/jon-gosier","$100000","$100000","$1000000","Philadelphia, Pennsylvania","N/A",""
"Bain Capital","Jorge Fournier","https://signal.nfx.com/investors/jorge-fournier","$1500000","$100000","$5000000","New York, New York","N/A",""
"Creer.vc","Jorge Vales","https://signal.nfx.com/investors/jorge-vales","$25000","$10000","$50000","Mexico","N/A",""
"Corazon Capital","Josh Graves","https://signal.nfx.com/investors/josh-graves","$1500000","$100000","$5000000","Chicago, Illinois","N/A",""
"Super Coffee","Josh Richards","https://signal.nfx.com/investors/josh-richards","$10000000","$3000000","$20000000","Los Angeles, California","N/A",""
"EONXI","Joshua Hairston","https://signal.nfx.com/investors/joshua-hairston","$1125000","$750000","$1500000","Tucson, Arizona","N/A",""
"AMASIA","Julie Jung","https://signal.nfx.com/investors/julie-jung","$1500000","$100000","$5000000","South Korea, Singapore","N/A",""
"Solidea Capital","Justin Anderson","https://signal.nfx.com/investors/justin-anderson_1","$25000","$10000","$100000","","N/A",""
"McCarthy Capital","Justin Disch","https://signal.nfx.com/investors/justin-disch","$1500000","$100000","$5000000","Omaha, Nebraska","N/A",""
"Fireside Ventures","Jyotbir Singh Khuman","https://signal.nfx.com/investors/jyotbir-singh-khuman","$1500000","$100000","$5000000","India","N/A",""
"Audacity Venture Capital","Kabir Kochhar","https://signal.nfx.com/investors/kabir-kochhar","$2750000","$500000","$5000000","India","N/A",""
"Fireside Ventures","Kanwaljit Singh","https://signal.nfx.com/investors/kanwaljit-singh","$1500000","$100000","$5000000","India","N/A",""
"Mantra Capital","Karan Shah","https://signal.nfx.com/investors/karan-shah_4","$750000","$500000","$1000000","New Delhi, India","N/A",""
"Galvanize Ventures","Kate Shillo","https://signal.nfx.com/investors/kate-shillo","$0","$0","$0","New York, New York","N/A",""
"Good Growth Capital","Kathleen Kennedy","https://signal.nfx.com/investors/kathleen-kennedy","$1000000","$100000","$2000000","Boston, Massachusetts","N/A",""
"Black Angel Group","Kayla Conti","https://signal.nfx.com/investors/kayla-conti","$1500000","$100000","$5000000","New York, New York","N/A",""
"ANRI","Kei Nakamichi","https://signal.nfx.com/investors/kei-nakamichi","$1500000","$100000","$5000000","Japan","N/A",""
"Boosted Commerce","Keith Richman","https://signal.nfx.com/investors/keith-richman","$1500000","$100000","$5000000","Los Angeles, California, Stockholm, Sweden","N/A",""
"EONXI","Kelvin Mensah","https://signal.nfx.com/investors/kelvin-mensah","$1125000","$750000","$1500000","Miami, Florida","N/A",""
"Kid Venture Capital","Kenny Lee","https://signal.nfx.com/investors/kenny-lee","$1000000","$100000","$10000000","Illinois","N/A",""
"AMASIA","Ken Sauer","https://signal.nfx.com/investors/ken-sauer","$1500000","$100000","$5000000","Singapore","N/A",""
"AMASIA","Kent Loi","https://signal.nfx.com/investors/kent-loi","$1500000","$100000","$5000000","Singapore","N/A",""
"Access Venture Partners","Kirk Holland","https://signal.nfx.com/investors/kirk-holland","$0","$0","$0","Colorado, Denver, Colorado","N/A",""
"LMB Group","Lauren Bias","https://signal.nfx.com/investors/lauren-bias","$0","$0","$0","New York, New York","N/A",""
"McCarthy Capital","Lauren Pugliese","https://signal.nfx.com/investors/lauren-pugliese","$1500000","$100000","$5000000","Nebraska","N/A",""
"Breega","Laurent Grimaldi","https://signal.nfx.com/investors/laurent-grimaldi","$10843000","$685000","$21000000","Paris, France","N/A",""
"Sunbird Fund","Leigha Kemmett","https://signal.nfx.com/investors/leigha-kemmett","$25000","$15000","$50000","","N/A",""
"TLVSeed","Liron Gal","https://signal.nfx.com/investors/liron-gal","$250000","$100000","$250000","Israel","N/A",""
"CryptoHQ Fund","Manana Samuseva","https://signal.nfx.com/investors/manana-samuseva","$100000","$50000","$1000000","United States","N/A",""
"Skyview Capital","Manel Sweetmore","https://signal.nfx.com/investors/manel-sweetmore_1","$25000000","$5000000","$75000000","Los Angeles, California","N/A",""
"Marc Bell Capital","Marc Bell","https://signal.nfx.com/investors/marc-bell","$0","$0","$0","Boca Raton, Florida","N/A",""
"Darco Capital","Marc Rayfield","https://signal.nfx.com/investors/marc-rayfield","$1500000","$100000","$5000000","New York, New York","N/A",""
"AET Fund","Mark Linao","https://signal.nfx.com/investors/mark-linao","$200000","$150000","$250000","Los Angeles, California","N/A",""
"MCMA Ventures, LLC","Mashuri Clark","https://signal.nfx.com/investors/mashuri-clark","$25000","$5000","$50000","Los Angeles, California, Denver, Colorado, San Francisco Bay Area","N/A",""
"Bain Capital","Matt Freeman","https://signal.nfx.com/investors/matt-freeman","$1500000","$100000","$5000000","Boston, Massachusetts","N/A",""
"McCarthy Capital","Matthew Breunsbach","https://signal.nfx.com/investors/matthew-breunsbach","$1500000","$100000","$5000000","Omaha, Nebraska","N/A",""
"Amplifyher Ventures","Meghan Cross","https://signal.nfx.com/investors/meghan-cross","$200000","$100000","$300000","New York, New York","N/A",""
"Unlock Venture Partners","Meir Lakhovsky","https://signal.nfx.com/investors/meir-lakhovsky","$1500000","$100000","$5000000","Seattle, Washington","N/A",""
"FabFitFun","Michael Broukhim","https://signal.nfx.com/investors/michael-broukhim","$1500000","$100000","$5000000","Los Angeles, California","N/A",""
"305 Ventures","Michael Melikian","https://signal.nfx.com/investors/michael-melikian","$1500000","$100000","$5000000","Miami, Florida","N/A",""
"Rooks Nest Ventures","Michael Sackler","https://signal.nfx.com/investors/michael-sackler","$500000","$400000","$750000","Global","N/A",""
"Ignition Partners","Michelle Goldberg","https://signal.nfx.com/investors/michelle-goldberg","$0","$0","$0","","N/A",""
"C4 Ventures","Michel Sassano","https://signal.nfx.com/investors/michel-sassano","$2000000","$500000","$5000000","France","N/A",""
"Promus Ventures","Mike Collett","https://signal.nfx.com/investors/mike-collett","$0","$0","$0","Chicago, Illinois","N/A",""
"Crossbeam Venture Partners","Mili Raina","https://signal.nfx.com/investors/mili-raina","$1500000","$500000","$3000000","New York, New York","N/A",""
"Amiti Ventures","Modi Rosen","https://signal.nfx.com/investors/modi-rosen","$1500000","$100000","$5000000","Tel Aviv, Israel","N/A",""
"305 Ventures","Mo Mostashari","https://signal.nfx.com/investors/mo-mostashari","$1500000","$100000","$5000000","Miami, Florida","N/A",""
"Skyview Capital","Naeem Arastu","https://signal.nfx.com/investors/naeem-arastu","$25000000","$5000000","$75000000","Los Angeles, California","N/A",""
"NEON Adventures","Neil Hutchinson","https://signal.nfx.com/investors/neil-hutchinson","$0","$0","$0","London","N/A",""
"Black Angel Group","Nia Castelly","https://signal.nfx.com/investors/nia-castelly","$1500000","$100000","$5000000","California","N/A",""
"The Venture Collective (TVC)","Nicholas Shekerdemian","https://signal.nfx.com/investors/nicholas-shekerdemian","$3000000","$1000000","$5000000","Miami Beach, Florida, New York, New York","N/A",""
"CAZ Investments","Nick Macknight","https://signal.nfx.com/investors/nick-macknight","$1000000","$50000","$25000000","","N/A",""
"S4S Ventures","Nicky Sugarman","https://signal.nfx.com/investors/nicky-sugarman","$1500000","$100000","$5000000","London","N/A",""
"ANRI","Nina Ehara","https://signal.nfx.com/investors/nina-ehara","$1500000","$100000","$5000000","Japan","N/A",""
"Corazon Capital","Nina Essandoh","https://signal.nfx.com/investors/nina-essandoh","$1500000","$100000","$5000000","Chicago, Illinois","N/A",""
"Kayne Anderson Capital Advisors","Nishita Cummings","https://signal.nfx.com/investors/nishita-cummings","$0","$0","$0","Los Angeles, California","N/A",""
"ANRI","Norihito Shiraishi","https://signal.nfx.com/investors/norihito-shiraishi","$1500000","$100000","$5000000","Japan","N/A",""
"Privet Equity","NORMAN HUMPHREY","https://signal.nfx.com/investors/norman-humphrey","$3000000","$200000","$10000000","London","N/A",""
"Dara5","Oliver Hardcastle","https://signal.nfx.com/investors/oliver-hardcastle","$1500000","$100000","$5000000","London","N/A",""
"Paralect","Pavel Prata","https://signal.nfx.com/investors/pavel-prata","$100000","$25000","$150000","","N/A",""
"Alumni Ventures ","Pete Mathias","https://signal.nfx.com/investors/pete-mathias","$250000","$50000","$5000000","","N/A",""
"Pentagram Ventures","Philippe Besnard","https://signal.nfx.com/investors/philippe-besnard","$1500000","$100000","$5000000","Paris, France","N/A",""
"Global Founders Capital","Philippe Collet","https://signal.nfx.com/investors/philippe-collet","$5000000","$50000","$10000000","Stockholm, Sweden","N/A",""
"Corazon Capital","Phil Schwarz","https://signal.nfx.com/investors/phil-schwarz","$1500000","$100000","$5000000","Los Angeles, California","N/A",""
"Rebel Fund","Prantik Mazumdar","https://signal.nfx.com/investors/prantik-mazumdar","$1500000","$100000","$5000000","Singapore","N/A",""
"Fireside Ventures","Prayag Mohanty","https://signal.nfx.com/investors/prayag-mohanty","$1500000","$100000","$5000000","India","N/A",""
"01 Ventures","Raphael Leopold","https://signal.nfx.com/investors/raphael_2","$50000","$25000","$250000","United States","N/A",""
"Dara5","Raphael Samovich","https://signal.nfx.com/investors/raphael-samovich","$1500000","$100000","$5000000","London","N/A",""
"Graph Ventures","Razmig Hovaghimian","https://signal.nfx.com/investors/razmig-hovaghimian","$25000","$5000","$50000","San Francisco, California","N/A",""
"Forum Ventures","Rebecca L. Batterman","https://signal.nfx.com/investors/rebecca-l-batterman","$1500000","$100000","$5000000","New York City","N/A",""
"Ascension Ventures (UK)","Remy Minute","https://signal.nfx.com/investors/remy-minute","$400000","$100000","$700000","London","N/A",""
"Vision Ridge Partners","Reuben Munger","https://signal.nfx.com/investors/reuben-munger","$0","$0","$0","United States","N/A",""
"Black Angel Group","Richard Cummins","https://signal.nfx.com/investors/richard-cummins","$1500000","$100000","$5000000","London","N/A",""
"3one4 Capital","Richard Pinto","https://signal.nfx.com/investors/richard-pinto","$1500000","$100000","$5000000","India","N/A",""
"U.S. Venture Partners (USVP)","Rick Lewis","https://signal.nfx.com/investors/rick-lewis","$6000000","$2000000","$10000000","Menlo Park, California","N/A",""
"Salt Creek Capital","Rod Stoddard","https://signal.nfx.com/investors/rod-stoddard","$25000000","$5000000","$75000000","Los Angeles, California","N/A",""
"Global Founders Capital","Roel Janssen","https://signal.nfx.com/investors/roel-janssen","$5000000","$50000","$10000000","Berlin, Germany","N/A",""
"Animal Capital","Ryan Foss-Skiftesvik","https://signal.nfx.com/investors/ryan-foss-skiftesvik","$1500000","$100000","$5000000","New York, New York","N/A",""
"LOI Venture","Ryan Holmes","https://signal.nfx.com/investors/ryan-holmes","$300000","$100000","$1000000","Canada","N/A",""
"Black Angel Tech Fund","SADASIA MCCUTCHEN","https://signal.nfx.com/investors/sadasia-mccutchen","$1500000","$100000","$5000000","San Francisco, California","N/A",""
"305 Ventures","Saif Karmi","https://signal.nfx.com/investors/saif-karmi","$1500000","$100000","$5000000","Miami, Florida","N/A",""
"Crossbeam Venture Partners","Sakib Jamal","https://signal.nfx.com/investors/sakib-jamal","$1500000","$500000","$3000000","New York City","N/A",""
"S4S Ventures","Sanja Partalo","https://signal.nfx.com/investors/sanja-partalo","$1500000","$100000","$5000000","New York, New York","N/A",""
"S4S Ventures","Saskia Z.","https://signal.nfx.com/investors/saskia-z","$1500000","$100000","$5000000","United Kingdom","N/A",""
"Cervin Ventures","Scott Brown","https://signal.nfx.com/investors/scott-brown_3","$3000000","$250000","$8000000","","N/A",""
"Plug & Play Ventures","Sean Voelk","https://signal.nfx.com/investors/sean-voelk","$100000","$100000","$100000","New York, New York, Los Angeles, California, San Francisco, California, Sunnyvale, California","N/A",""
"Egypt Ventures","Shady Shalaby","https://signal.nfx.com/investors/shady-shalaby","$1500000","$100000","$5000000","Egypt","N/A",""
"Advancit Capital","Shari Redstone","https://signal.nfx.com/investors/shari-redstone","$0","$0","$0","Boston, Massachusetts","N/A",""
"Deosai Ventures","Shehryar Hydri","https://signal.nfx.com/investors/shehryar-hydri","$200000","$50000","$300000","Pakistan","N/A",""
"EONXI","Sherrard Harrington","https://signal.nfx.com/investors/sherrard-harrington","$1125000","$750000","$1500000","Washington, District of Columbia","N/A",""
"Fireside Ventures","Shreyans Gangwal","https://signal.nfx.com/investors/shreyans-gangwal","$1500000","$100000","$5000000","India","N/A",""
"ANRI","Shunsuke Nakaji","https://signal.nfx.com/investors/shunsuke-nakaji","$1500000","$100000","$5000000","Tokyo","N/A",""
"AMASIA","Shu-Yi Yeo","https://signal.nfx.com/investors/shu-yi-yeo","$1500000","$100000","$5000000","Singapore","N/A",""
"Accel","Siddarth Jain","https://signal.nfx.com/investors/siddarth-jain","$15500000","$1000000","$30000000","Bangalore, United States, India, Singapore, San Francisco, California, New York, New York","N/A",""
"Fireside Ventures","Siddharth Gupta","https://signal.nfx.com/investors/siddharth-gupta_1","$1500000","$100000","$5000000","India","N/A",""
"Transcend Fund","Sikander Chahal","https://signal.nfx.com/investors/sikander-chahal","$1100000","$200000","$5000000","","N/A",""
"Relay Ventures","Simon Sokol","https://signal.nfx.com/investors/simon-s","$500000","$250000","$7000000","United States, Canada","N/A",""
"S4S Ventures","Sir Martin Sorrell","https://signal.nfx.com/investors/sir-martin-sorrell","$1500000","$100000","$5000000","London","N/A",""
"Corazon Capital","Smriti Jayaraman Kekre","https://signal.nfx.com/investors/smriti-jayaraman-kekre","$1500000","$100000","$5000000","Chicago, Illinois","N/A",""
"J12 Ventures","Sofie Batalov","https://signal.nfx.com/investors/sofie-batalov","$1500000","$100000","$5000000","Sweden","N/A",""
"Serent Capital","Spencer Calvert","https://signal.nfx.com/investors/spencer-calvert","$1000000","$750000","$5000000","Los Angeles, California","N/A",""
"EONXI","Spencer Dinwiddie","https://signal.nfx.com/investors/spencer-dinwiddie","$1125000","$750000","$1500000","Brooklyn, New York","N/A",""
"3one4 Capital","Srijan Jain","https://signal.nfx.com/investors/srijan-jain","$1500000","$100000","$5000000","India","N/A",""
"Sapphire Ventures","Stanley Onyimba","https://signal.nfx.com/investors/stanley-onyimba","$1500000","$100000","$5000000","San Francisco Bay Area","N/A",""
"PalmStar Entertainment","Stephan Paternot","https://signal.nfx.com/investors/stephan-paternot","$0","$0","$0","New York, New York","N/A",""
"Corazon Capital","Steve Farsht","https://signal.nfx.com/investors/steve-farsht","$1500000","$100000","$5000000","Chicago, Illinois","N/A",""
"Energy Impact Partners","Steve Hellman","https://signal.nfx.com/investors/steve-hellman","$7000000","$3000000","$10000000","New York City","N/A",""
"imec.istart","Sven De Cleyn","https://signal.nfx.com/investors/sven-de-cleyn","$54500","$0","$0","Europe","N/A",""
"Griffin Gaming Partners","Tammy McDonald","https://signal.nfx.com/investors/tammy-mcdonald","$1500000","$100000","$5000000","San Diego, California","N/A",""
"Kickstart Fund","Tanner Potter","https://signal.nfx.com/investors/tanner-potter","$1500000","$100000","$3000000","Salt Lake City, Utah","N/A",""
"Plug & Play Ventures","Thomas Shehadeh","https://signal.nfx.com/investors/thomas-shehadeh","$100000","$50000","$1500000","Global","N/A",""
"Black Angel Group","Tiara Christian","https://signal.nfx.com/investors/tiara-christian","$1500000","$100000","$5000000","United Kingdom","N/A",""
"Skyview Capital","Tim Revelle","https://signal.nfx.com/investors/tim-revelle","$25000000","$5000000","$75000000","Los Angeles, California","N/A",""
"Wildcard Ventures","Todd Deacon","https://signal.nfx.com/investors/todd-deacon","$50000","$50000","$100000","Melbourne, Australia","N/A",""
"Verizon Ventures","Tom Arnost","https://signal.nfx.com/investors/tom-arnost","$1500000","$100000","$5000000","New York, New York","N/A",""
"HC Services Oy","Tom Laine","https://signal.nfx.com/investors/tom-laine","$10000","$5000","$50000","Finland, Sweden, Norway, Denmark","N/A",""
"500 Global","Tony Wang","https://signal.nfx.com/investors/tony-wang","$1500000","$100000","$2000000","Global","N/A",""
"Shunwei Capital","Tuck Lye Koh","https://signal.nfx.com/investors/tuck-lye-koh","$8000000","$250000","$15000000","China, Beijing, India, Indonesia","N/A",""
"Corazon Capital","Victor Westerstrand","https://signal.nfx.com/investors/victor-westerstrand","$1500000","$100000","$5000000","Stockholm, Sweden","N/A",""
"Node Kapital","Vilma Mattila","https://signal.nfx.com/investors/vilma-mattila","$1500000","$100000","$5000000","London, United Kingdom","N/A",""
"Fireside Ventures","Vinay Singh","https://signal.nfx.com/investors/vinay-singh_2","$1500000","$100000","$5000000","India","N/A",""
"Flyer One Ventures","Vital Laptenok","https://signal.nfx.com/investors/vital-laptenok","$1500000","$100000","$5000000","Kiev, Ukraine, Lisbon, Portugal","N/A",""
"Fireside Ventures","VS Kannan Sitaram","https://signal.nfx.com/investors/vs-kannan-sitaram","$1500000","$100000","$5000000","India","N/A",""
"BCG Digital Ventures","Walter Delph","https://signal.nfx.com/investors/walter-delph","$0","$0","$0","Los Angeles, California","N/A",""
"Basecamp Fund","Wayne Moore","https://signal.nfx.com/investors/wayne-moore","$1500000","$50000","$10000000","New York, New York","N/A",""
"AMASIA","Wee Peng Yeo","https://signal.nfx.com/investors/wee-peng-yeo","$1500000","$100000","$5000000","Singapore","N/A",""
"Bridge Angel Investors","Wendi Chapman","https://signal.nfx.com/investors/wendi-chapman","$1500000","$100000","$5000000","Sarasota, Florida","N/A",""
"Hambro Perks","Will Orr","https://signal.nfx.com/investors/will-orr","$7500000","$5000000","$10000000","London","N/A",""
"C4 Ventures","Wladimir d'Ormesson","https://signal.nfx.com/investors/wladimir-d-ormesson","$2000000","$500000","$5000000","Paris, France","N/A",""
"ANRI","Yuta Motoshima","https://signal.nfx.com/investors/yuta-motoshima","$1500000","$100000","$5000000","Tokyo","N/A",""
"Corazon Capital","Zach Kaplan","https://signal.nfx.com/investors/zach-kaplan","$1500000","$100000","$3000000","Chicago, Illinois","N/A",""
"Corazon Capital","Zhou Zang","https://signal.nfx.com/investors/zhou-zang","$1500000","$100000","$5000000","Chicago, Illinois","N/A",""